{
  "model": "dropout_risk",
  "features": [
    "progress_pct",
    "days_since_last_login",
    "quiz_avg",
    "lessons_per_week",
    "chat_messages"
  ],
  "scaler_mean": [
    49.84053858267716,
    6.8379118110236226,
    50.13902047244095,
    2.994604724409449,
    2.56
  ],
  "scaler_scale": [
    22.091982981533945,
    6.885747609621181,
    19.549084962001402,
    1.3342452145599417,
    1.9468787861276868
  ],
  "coef": [
    -1.9107821383712291,
    0.8362035827357237,
    -0.26428319556250907,
    -0.1940087514435364,
    -0.18071163604305063
  ],
  "intercept": -0.8706621402450035
}